GeneID,Symbol,log2(fold change)(AD_females vs ctrl),-log10(Pvalue)(AD_females vs ctrl)
100462977,MTRNR2L1,3.972,2.428
26664,OR7C1,1.903,1.934
102723506,LOC102723506,1.796,2.652
29881,NPC1L1,1.764,1.959
105378345,LOC105378345,1.652,2.353
101928465,SLCO4A1-AS2,1.619,1.971
3303,HSPA1A,1.596,2.102
3304,HSPA1B,1.505,1.962
112268426,LOC112268426,1.495,2.003
4318,MMP9,1.472,1.742
100462983,MTRNR2L3,1.47,1.748
3575,IL7R,1.469,1.427
7852,CXCR4,1.421,1.855
339256,NOS2P3,1.387,1.956
8190,MIA,1.352,1.706
100144604,LINC00930,1.346,2.127
105378644,LOC105378644,1.321,2.17
402573,SPACDR,1.294,1.761
105371401,LOC105371401,1.29,1.724
2118,ETV4,1.272,1.853
2570,GABRR2,1.252,1.869
152573,SHISA3,1.25,1.488
151648,SGO1,1.247,1.833
55561,CDC42BPG,1.218,1.812
112268295,LOC112268295,1.199,1.77
105375676,LOC105375676,1.198,1.502
140876,RIPOR3,1.186,1.722
93649,MYOCD,1.183,1.902
107985430,LOC107985430,1.169,1.322
23460,ABCA6,1.148,1.327
348645,MIR3667HG,1.137,1.805
8793,TNFRSF10D,1.126,1.802
105377443,LINC02172,1.119,1.434
23704,KCNE4,1.117,1.65
100463482,MTRNR2L6,1.098,1.421
102723461,LOC102723461,1.097,1.477
3004,GZMM,1.084,1.517
84734,FAM167B,1.081,1.662
2303,FOXC2,1.077,1.755
1842,ECM2,1.075,1.408
51751,HIGD1B,1.048,1.874
105372631,LOC105372631,1.043,1.348
105373975,LOC105373975,1.037,1.934
6539,SLC6A12,1.037,2.256
692247,LMNTD2-AS1,1.033,1.934
101928156,LOC101928156,1.029,1.934
4569,TRNM,1.003,1.32
101927167,GATA2-AS1,0.994,1.787
28231,SLCO4A1,0.988,1.61
6275,S100A4,0.983,1.748
107984868,LOC107984868,0.977,2.256
92922,CCDC102A,0.97,2.132
2294,FOXF1,0.97,1.648
5623,PSPN,0.957,1.791
9620,CELSR1,0.949,1.437
6525,SMTN,0.945,2.102
112268235,LOC112268235,0.934,1.455
102546175,LINC01338,0.934,1.512
4303,FOXO4,0.933,2.203
24146,CLDN15,0.927,2.17
6939,TCF15,0.927,1.938
5345,SERPINF2,0.922,1.737
7475,WNT6,0.92,1.327
26266,SLC13A4,0.919,2.132
2529,FUT7,0.907,1.762
404216,LINC01561,0.905,1.44
23764,MAFF,0.899,1.425
27286,SRPX2,0.893,1.813
2696,GIPR,0.891,1.331
79844,ZDHHC11,0.889,2.842
6913,TBX15,0.886,1.441
8557,TCAP,0.886,1.4
116535,MRGPRF,0.879,1.644
135,ADORA2A,0.877,1.962
100316904,SAP25,0.874,1.754
387849,REP15,0.874,1.454
102238594,SPACA6-AS1,0.872,1.934
151,ADRA2B,0.871,1.787
107985556,LOC107985556,0.87,1.523
26784,SNORA64,0.863,2.139
646023,ADORA2A-AS1,0.862,1.959
151534,LBX2-AS1,0.861,1.58
8698,S1PR4,0.86,1.358
56245,C21orf62,0.853,1.322
1244,ABCC2,0.847,1.877
729359,PLIN4,0.844,2.154
151295,SLC23A3,0.843,1.425
9322,TRIP10,0.839,1.898
8463,TEAD2,0.835,1.547
283932,FBXL19-AS1,0.832,1.742
199786,NIBAN3,0.831,2.439
5549,PRELP,0.83,1.611
25959,KANK2,0.829,2.03
8326,FZD9,0.828,1.813
83959,SLC4A11,0.827,1.617
440359,YBX3P1,0.826,1.476
646892,SH2D7,0.824,1.617
2176,FANCC,0.822,2.842
6899,TBX1,0.821,1.766
105379326,LOC105379326,0.814,1.332
441307,PDGFA-DT,0.811,2.345
54541,DDIT4,0.811,1.515
6697,SPR,0.808,1.613
4487,MSX1,0.804,1.458
100288637,LOC100288637,0.803,1.54
1056,CEL,0.802,1.596
150946,GAREM2,0.8,1.82
653082,ZDHHC11B,0.8,2.154
94121,SYTL4,0.795,1.315
126520,PLK5,0.792,1.69
100507103,LINC02937,0.785,2.276
1843,DUSP1,0.782,1.434
122664,TPPP2,0.782,1.374
101930370,GALNT7-DT,0.773,2.842
107984913,LOC107984913,0.768,1.476
26119,LDLRAP1,0.767,1.648
11030,RBPMS,0.766,1.991
158830,CXorf65,0.764,1.426
89839,ARHGAP11B,0.763,1.742
677777,SCARNA12,0.761,1.427
79935,CCNP,0.753,1.348
105371480,LOC105371480,0.752,1.361
339210,C17orf67,0.751,1.766
26524,LATS2,0.749,1.476
10749,KIF1C,0.749,1.556
196872,LINC00638,0.747,1.396
105375564,ZNF775-AS1,0.746,1.539
22801,ITGA11,0.746,2.475
339366,ADAMTSL5,0.746,1.544
10411,RAPGEF3,0.743,2.203
107987098,LOC107987098,0.741,1.724
9767,JADE3,0.737,1.557
3481,IGF2,0.736,1.456
57101,ANO2,0.734,1.515
1052,CEBPD,0.733,1.542
6911,TBX6,0.733,1.92
51477,ISYNA1,0.733,1.833
102724009,KIF1C-AS1,0.726,1.437
1109,AKR1C4,0.721,1.315
4604,MYBPC1,0.721,1.561
284359,IZUMO1,0.719,1.959
723961,INS-IGF2,0.715,1.404
91369,ANKRD40,0.711,1.766
220441,RNF152,0.711,1.766
340602,EZHIP,0.711,1.338
107985246,CSRP1-AS1,0.71,1.614
58526,MID1IP1,0.709,1.594
644050,LINC01529,0.708,1.635
101927043,EPCAM-DT,0.707,1.363
100874278,ERI3-IT1,0.705,1.804
112267891,LOC112267891,0.704,1.363
100874211,MID1IP1-AS1,0.704,1.315
4038,LRP4,0.7,1.613
85027,SMIM3,0.699,1.742
7352,UCP3,0.693,1.802
105371115,LOC105371115,0.692,1.426
85450,ITPRIP,0.69,1.303
3017,H2BC5,0.688,1.441
105373255,LOC105373255,0.686,1.556
23210,JMJD6,0.686,1.535
23034,SAMD4A,0.684,1.501
147650,SPACA6,0.682,1.832
6608,SMO,0.672,1.512
6536,SLC6A9,0.671,1.717
26064,RAI14,0.67,1.577
80332,ADAM33,0.67,1.539
10365,KLF2,0.669,1.327
9448,MAP4K4,0.668,1.322
85360,SYDE1,0.663,1.524
4776,NFATC4,0.662,1.812
5251,PHEX,0.662,1.343
3707,ITPKB,0.661,2.127
27106,ARRDC2,0.657,1.432
100128071,FAM229A,0.656,1.394
92154,MTSS2,0.656,1.945
1435,CSF1,0.655,1.485
256329,LMNTD2,0.649,1.594
100271849,MEF2B,0.648,1.433
101730217,SPECC1L-ADORA2A,0.646,1.813
196051,PLPP4,0.645,1.333
6599,SMARCC1,0.644,1.964
84733,CBX2,0.644,1.636
130132,RFTN2,0.642,1.32
11173,ADAMTS7,0.642,1.515
85407,NKD1,0.642,1.593
92312,MEX3A,0.641,1.385
4176,MCM7,0.641,1.478
1031,CDKN2C,0.64,1.526
85301,COL27A1,0.639,1.791
114108587,ATF7-NPFF,0.636,1.829
56288,PARD3,0.635,1.596
9509,ADAMTS2,0.631,1.568
154043,CNKSR3,0.631,1.398
107985320,LOC107985320,0.631,1.336
7164,TPD52L1,0.627,1.436
1104,RCC1,0.626,1.635
23493,HEY2,0.62,1.418
5860,QDPR,0.617,1.597
3092,HIP1,0.615,1.512
254427,PROSER2,0.612,1.427
23242,COBL,0.611,2.139
158405,KIAA1958,0.61,1.314
221749,PXDC1,0.608,1.547
7145,TNS1,0.607,1.363
26790,SNORD58B,0.607,1.706
55007,FAM118A,0.606,1.32
266727,MDGA1,0.604,2.352
642475,MROH6,0.603,1.325
375061,FAM89A,0.602,1.309
154761,LOC154761,0.602,1.32
6542,SLC7A2,0.602,1.501
1775,DNASE1L2,0.6,1.644
79710,MORC4,0.598,1.812
11170,FAM107A,0.596,1.476
126374,WTIP,0.596,1.314
27237,ARHGEF16,0.591,1.362
79443,FYCO1,0.591,1.598
2796,GNRH1,0.587,1.586
284297,SSC5D,0.587,1.744
168544,ZNF467,0.584,1.827
7975,MAFK,0.583,1.783
5970,RELA,0.583,1.882
1051,CEBPB,0.583,1.816
112885,PHF21B,0.582,1.724
2295,FOXF2,0.581,1.706
2323,FLT3LG,0.58,1.659
55194,EVA1B,0.578,1.609
3698,ITIH2,0.578,1.745
122953,JDP2,0.578,1.539
9261,MAPKAPK2,0.577,1.687
57645,POGK,0.576,2.008
79618,HMBOX1,0.576,1.956
29950,SERTAD1,0.574,1.349
114041,B3GALT5-AS1,0.574,1.663
152,ADRA2C,0.571,1.348
728464,METTL24,0.571,1.83
100133005,RASA4DP,0.571,1.524
112268122,LOC112268122,0.57,1.519
5118,PCOLCE,0.566,1.35
100528019,HSPB2-C11orf52,0.565,1.868
388531,RGS9BP,0.565,1.485
1719,DHFR,0.564,1.58
107984029,LOC107984029,0.564,1.485
3316,HSPB2,0.556,1.405
22794,CASC3,0.556,1.94
4792,NFKBIA,0.555,1.339
339451,KLHL17,0.554,1.92
338799,LINC01089,0.551,1.374
92999,ZBTB47,0.55,1.706
10106,CTDSP2,0.55,1.648
84074,QRICH2,0.55,1.308
83439,TCF7L1,0.549,1.353
105369779,CD63-AS1,0.549,1.567
1896,EDA,0.549,1.745
10256,CNKSR1,0.547,1.605
23589,CARHSP1,0.547,1.971
27134,TJP3,0.547,1.476
100533195,FAM24B-CUZD1,0.546,1.374
9580,SOX13,0.545,1.405
84444,DOT1L,0.545,2.715
64855,NIBAN2,0.542,1.344
90378,SAMD1,0.542,1.636
84515,MCM8,0.542,1.54
57530,CGN,0.54,1.522
10220,GDF11,0.538,1.502
100216545,KMT2E-AS1,0.537,1.391
101927655,ZASP,0.536,1.754
55036,CCDC40,0.534,1.596
389765,LOC389765,0.533,1.4
4775,NFATC3,0.531,1.706
10230,NBR2,0.531,1.845
3931,LCAT,0.53,1.334
105376952,LOC105376952,0.529,1.663
146705,TEPSIN,0.527,2.428
107985057,LOC107985057,0.526,1.31
340485,ACER2,0.526,1.544
643,CXCR5,0.526,1.71
3090,HIC1,0.526,2.218
340544,MORF4L2-AS1,0.526,1.348
5939,RBMS2,0.525,1.338
79155,TNIP2,0.524,1.572
55214,P3H2,0.523,1.327
389333,PROB1,0.522,1.455
10156,RASA4,0.522,1.594
9679,FAM53B,0.522,1.374
8483,CILP,0.522,1.335
100271927,RASA4B,0.521,1.54
26147,PHF19,0.52,1.644
55274,PHF10,0.519,1.327
6522,SLC4A2,0.518,1.335
3993,LLGL2,0.518,1.315
84787,KMT5C,0.516,1.766
51317,PHF21A,0.515,2.352
429,ASCL1,0.515,1.361
113026,PLCD3,0.515,1.419
140467,ZNF358,0.515,1.327
10491,CRTAP,0.514,1.94
284119,CAVIN1,0.513,1.313
23194,FBXL7,0.512,1.69
8795,TNFRSF10B,0.512,1.577
27147,DENND2A,0.511,1.513
79724,ZNF768,0.511,1.9
339105,PRSS53,0.51,1.902
2619,GAS1,0.507,1.485
8495,PPFIBP2,0.507,1.304
122416,ANKRD9,0.507,1.749
23302,WSCD1,0.507,1.65
3636,INPPL1,0.506,1.322
26099,SZRD1,0.504,1.636
130872,AHSA2P,0.504,1.892
10608,MXD4,0.504,1.487
9704,DHX34,0.504,2.652
84662,GLIS2,0.503,1.333
22808,MRAS,0.498,1.5
23593,HEBP2,0.498,1.525
2159,F10,0.497,1.311
51259,TMEM216,0.495,1.428
8312,AXIN1,0.495,2.256
81844,TRIM56,0.494,1.47
100499484,SUGT1P4-STRA6LP,0.494,1.829
65010,SLC26A6,0.493,1.564
56129,PCDHB7,0.491,1.383
10174,SORBS3,0.49,1.339
619279,ZNF704,0.49,1.65
57522,SRGAP1,0.49,1.586
8501,SLC43A1,0.489,1.766
105378688,LINC02918,0.488,1.324
2178,FANCE,0.486,2.139
5364,PLXNB1,0.485,1.617
105369340,PPP1R14B-AS1,0.485,1.609
55367,PIDD1,0.484,1.372
6650,CAPN15,0.483,1.898
55841,WWC3,0.482,1.766
374955,SPATA21,0.481,1.487
79778,MICALL2,0.481,1.687
649,BMP1,0.481,1.728
23417,MLYCD,0.481,1.938
399664,MEX3D,0.479,1.663
10180,RBM6,0.477,1.398
57593,EBF4,0.477,1.778
114991,ZNF618,0.475,1.34
6901,TAFAZZIN,0.475,1.391
105378567,JAKMIP3-AS1,0.474,1.419
7423,VEGFB,0.474,1.32
91862,MARVELD3,0.473,1.341
6929,TCF3,0.473,1.812
90353,CTU1,0.473,1.445
3656,IRAK2,0.472,1.454
4092,SMAD7,0.472,1.717
10603,SH2B2,0.471,1.501
6666,SOX12,0.471,2.154
51547,SIRT7,0.468,1.487
5998,RGS3,0.465,1.586
64772,ENGASE,0.464,1.316
9924,PAN2,0.462,1.403
100130283,LOC100130283,0.461,1.787
79990,PLEKHH3,0.461,1.862
9731,CEP104,0.46,1.959
3065,HDAC1,0.459,1.327
91355,LRP5L,0.459,1.528
9873,FCHSD2,0.458,1.504
23338,JADE2,0.456,1.52
221527,ZBTB12,0.455,1.718
23313,KIAA0930,0.454,1.726
9911,TMCC2,0.453,1.68
220972,MARCHF8,0.453,1.486
7579,ZSCAN20,0.452,1.557
2057,EPOR,0.452,1.614
129303,TMEM150A,0.449,1.421
7702,ZNF143,0.449,1.68
116985,ARAP1,0.449,1.58
284004,HEXD,0.449,1.663
7994,KAT6A,0.448,1.359
3292,HSD17B1,0.448,1.372
79813,EHMT1,0.446,1.92
400506,KNOP1,0.446,1.706
23135,KDM6B,0.446,1.766
28964,GIT1,0.446,1.706
101927559,CEBPB-AS1,0.446,1.65
9903,KLHL21,0.443,1.934
3551,IKBKB,0.443,1.663
4034,LRCH4,0.442,1.649
23524,SRRM2,0.441,1.471
285590,SH3PXD2B,0.44,1.363
54753,ZNF853,0.44,1.898
5253,PHF2,0.44,1.427
11099,PTPN21,0.44,1.54
55544,RBM38,0.44,1.53
101752400,CAPN10-DT,0.439,1.477
6667,SP1,0.439,1.313
100507373,ADGRL1-AS1,0.439,1.405
8940,TOP3B,0.439,1.542
7461,CLIP2,0.438,2.068
23513,SCRIB,0.438,1.594
144608,C12orf60,0.438,1.327
100506235,LOC100506235,0.437,1.432
6907,TBL1X,0.435,1.349
89849,ATG16L2,0.434,1.934
105371925,LOC105371925,0.434,1.556
9013,TAF1C,0.433,1.78
5989,RFX1,0.433,2.03
10766,TOB2,0.431,1.327
27005,USP21,0.43,2.652
1375,CPT1B,0.429,1.307
8677,STX10,0.428,1.417
105373195,LOC105373195,0.428,1.528
56652,TWNK,0.427,1.687
23102,TBC1D2B,0.427,1.348
64427,TTC31,0.426,2.154
57189,DENND11,0.426,1.325
6256,RXRA,0.424,1.405
64782,AEN,0.424,1.633
57291,DANCR,0.422,1.348
84991,RBM17,0.422,1.663
84271,POLDIP3,0.421,1.862
83860,TAF3,0.42,1.83
4756,NEO1,0.42,1.53
79709,COLGALT1,0.42,1.4
64319,FBRS,0.419,1.959
55114,ARHGAP17,0.418,1.476
23051,ZHX3,0.418,1.959
9923,ZBTB40,0.417,1.594
107986488,LOC107986488,0.417,1.327
144717,PHETA1,0.414,1.678
162514,TRPV3,0.414,1.321
3480,IGF1R,0.412,1.77
158135,TTLL11,0.41,1.307
54961,SSH3,0.409,1.487
114881,OSBPL7,0.409,1.498
374654,KIF7,0.408,1.38
10493,VAT1,0.408,1.665
22846,VASH1,0.407,1.41
441108,IRF1-AS1,0.406,1.362
51588,PIAS4,0.406,1.724
1186,CLCN7,0.405,2.218
23152,CIC,0.405,1.92
109729182,DM1-AS,0.405,1.577
154007,SNRNP48,0.403,1.311
9742,IFT140,0.403,2.102
5863,RGL2,0.402,1.33
4601,MXI1,0.402,1.363
126208,ZNF787,0.402,1.406
84948,TIGD5,0.401,1.477
1760,DMPK,0.4,1.614
23354,HAUS5,0.397,1.525
55113,XKR8,0.396,1.327
220929,ZNF438,0.396,2.439
57701,NCKAP5L,0.396,1.617
8225,GTPBP6,0.396,1.594
4245,MGAT1,0.394,1.37
10432,RBM14,0.393,1.396
550,AUP1,0.392,1.37
81603,TRIM8,0.392,1.473
22981,NINL,0.392,1.616
89796,NAV1,0.39,1.58
1387,CREBBP,0.39,1.534
9739,SETD1A,0.389,2.116
29998,BICRA,0.388,1.938
9640,ZNF592,0.387,1.934
107984347,LOC107984347,0.386,1.35
2275,FHL3,0.385,1.304
87178,PNPT1,0.385,1.363
5723,PSPH,0.385,1.62
91179,SCARF2,0.385,1.728
25,ABL1,0.383,1.339
27158,NDOR1,0.383,1.487
79834,PEAK1,0.383,1.487
22905,EPN2,0.383,1.417
4215,MAP3K3,0.382,1.409
8879,SGPL1,0.381,1.372
7753,ZNF202,0.381,1.938
4800,NFYA,0.38,1.547
23060,ZNF609,0.379,1.44
55160,ARHGEF10L,0.377,1.766
84765,ZNF577,0.377,1.419
728642,CDK11A,0.375,1.476
4302,MLLT6,0.375,1.959
101928378,PTOV1-AS2,0.374,1.343
22909,FAN1,0.373,1.335
23384,SPECC1L,0.369,1.905
9031,BAZ1B,0.367,1.959
317762,CCDC85C,0.367,1.324
79685,SAP30L,0.365,1.68
79603,CERS4,0.365,1.68
414919,C8orf82,0.363,1.39
65095,KRI1,0.363,1.742
10298,PAK4,0.362,1.555
83549,UCK1,0.361,1.471
125950,RAVER1,0.361,1.58
26505,CNNM3,0.359,1.766
9542,NRG2,0.359,1.9
1822,ATN1,0.359,1.417
55740,ENAH,0.358,1.315
8629,JRK,0.358,2.276
23053,ZSWIM8,0.356,1.695
5587,PRKD1,0.356,1.409
54540,FAM193B,0.355,1.363
29803,REPIN1,0.355,1.829
85446,ZFHX2,0.355,1.542
10620,ARID3B,0.354,1.32
79066,METTL16,0.353,1.617
63027,SLC22A23,0.352,1.58
22985,ACIN1,0.35,2.045
1616,DAXX,0.349,1.758
3643,INSR,0.349,1.697
7392,USF2,0.349,1.51
140685,ZBTB46,0.349,1.328
51720,UIMC1,0.348,1.78
11329,STK38,0.348,1.325
23351,KHNYN,0.348,1.695
114819,CROCCP3,0.346,1.45
23381,SMG5,0.346,2.432
9726,ZNF646,0.346,1.644
57727,NCOA5,0.346,1.427
3068,HDGF,0.344,1.524
55905,RNF114,0.343,1.668
9757,KMT2B,0.342,1.307
84173,ELMOD3,0.341,1.803
139285,AMER1,0.341,1.363
9325,TRIP4,0.34,1.454
10297,APC2,0.34,1.542
23331,TTC28,0.34,1.791
200186,CRTC2,0.339,1.34
124930,ANKRD13B,0.339,1.576
79840,NHEJ1,0.338,1.556
79692,ZNF322,0.337,1.319
100131017,ZNF316,0.337,1.953
200081,TXLNA,0.336,1.766
29072,SETD2,0.336,1.375
9759,HDAC4,0.335,1.594
30827,CXXC1,0.335,1.568
7297,TYK2,0.335,1.426
219988,PATL1,0.334,1.49
9667,SAFB2,0.332,1.525
9564,BCAR1,0.331,1.51
57553,MICAL3,0.331,1.956
9842,PLEKHM1,0.329,1.713
201292,TRIM65,0.326,1.744
10807,ENTR1,0.325,1.484
2788,GNG7,0.325,1.32
203062,TSNARE1,0.323,2.203
55578,SUPT20H,0.323,1.419
79726,WDR59,0.323,1.594
54516,MTRF1L,0.322,1.32
3054,HCFC1,0.32,1.633
208,AKT2,0.319,1.699
7728,ZNF175,0.319,1.766
57335,ZNF286A,0.317,1.609
57661,PHRF1,0.316,1.605
984,CDK11B,0.315,1.535
23288,IQCE,0.315,1.363
54963,UCKL1,0.315,1.37
80230,RUFY1,0.314,1.419
64599,GIGYF1,0.314,1.68
25829,TMEM184B,0.314,1.319
3297,HSF1,0.313,1.35
8019,BRD3,0.313,1.44
10778,ZNF271P,0.313,1.417
58509,CACTIN,0.313,1.766
9546,APBA3,0.312,1.363
51490,SPOUT1,0.311,1.368
100499466,LINC00674,0.311,1.328
6497,SKI,0.309,1.322
10650,PRELID3A,0.308,1.432
23476,BRD4,0.308,2.09
9612,NCOR2,0.307,1.901
23164,MPRIP,0.307,1.57
55627,SMPD4,0.306,2.17
7862,BRPF1,0.306,1.31
51593,SRRT,0.306,1.322
1108,CHD4,0.306,1.813
5256,PHKA2,0.306,1.596
8897,MTMR3,0.305,1.348
1855,DVL1,0.303,1.307
643836,ZFP62,0.3,1.596
10928,RALBP1,0.298,1.363
404665,CACTIN-AS1,0.298,1.339
283337,ZNF740,0.297,1.78
728920,PDE4DIPP1,0.295,1.634
643641,ZNF862,0.295,1.436
7770,ZNF227,0.295,1.349
3705,ITPK1,0.293,1.361
65249,ZSWIM4,0.293,1.311
23293,SMG6,0.292,1.594
79894,ZNF672,0.291,1.543
5252,PHF1,0.291,1.359
3633,INPP5B,0.29,1.751
57666,FBRSL1,0.29,1.37
2588,GALNS,0.29,1.724
57710,KIAA1614,0.289,1.314
63035,BCORL1,0.289,1.333
23005,MAPKBP1,0.286,1.399
84260,TCHP,0.284,1.68
2802,GOLGA3,0.282,1.402
117246,FTSJ3,0.282,1.32
4089,SMAD4,0.281,1.374
57212,TP73-AS1,0.28,1.468
10482,NXF1,0.279,1.361
80153,EDC3,0.278,1.394
1856,DVL2,0.278,1.473
10014,HDAC5,0.278,1.31
25930,PTPN23,0.275,1.628
25792,CIZ1,0.275,1.804
147923,ZNF420,0.275,1.346
207,AKT1,0.273,1.557
26205,GMEB2,0.273,1.456
8844,KSR1,0.271,1.314
55131,RBM28,0.269,1.35
25992,SNED1,0.265,1.751
158234,TRMT10B,0.265,1.663
171017,ZNF384,0.263,1.328
57649,PHF12,0.262,1.339
54956,PARP16,0.261,1.367
353116,RILPL1,0.26,1.363
124245,ZC3H18,0.257,1.389
9489,PGS1,0.257,1.48
23216,TBC1D1,0.255,1.31
85451,UNK,0.255,1.367
9686,VGLL4,0.253,1.648
5894,RAF1,0.253,1.94
57693,ZNF317,0.249,1.92
146059,CDAN1,0.247,1.51
9416,DDX23,0.246,1.419
9989,PPP4R1,0.244,1.398
55048,VPS37C,0.242,1.419
2145,EZH1,0.242,1.748
57658,CALCOCO1,0.24,1.594
57099,AVEN,0.238,1.409
5428,POLG,0.237,1.327
1874,E2F4,0.235,1.348
169714,QSOX2,0.233,1.853
84893,FBH1,0.232,1.92
7029,TFDP2,0.227,1.461
11338,U2AF2,0.227,1.455
7327,UBE2G2,0.227,1.471
11273,ATXN2L,0.225,1.64
84823,LMNB2,0.222,1.395
51271,UBAP1,0.221,1.314
90850,ZNF598,0.219,1.335
473,RERE,0.218,1.544
54805,CNNM2,0.218,1.65
9885,OSBPL2,0.218,1.594
9730,DCAF1,0.216,1.421
9904,RBM19,0.216,1.427
22880,MORC2,0.212,1.306
10613,ERLIN1,0.211,1.415
137964,GPAT4,0.208,1.68
8603,FAM193A,0.205,1.32
9683,N4BP1,0.202,1.39
5976,UPF1,0.199,1.626
7528,YY1,0.194,1.363
7625,ZNF74,0.194,1.485
123720,WHAMM,0.192,1.409
6830,SUPT6H,0.192,1.408
1911,PHC1,0.185,1.441
130916,MTERF4,0.181,1.817
84289,ING5,0.172,1.311
107133515,SMURF2P1-LRRC37BP1,0.159,1.395
55108,BSDC1,0.153,1.405
23560,GTPBP4,-0.193,1.342
29058,TMEM230,-0.206,1.427
6427,SRSF2,-0.211,1.359
94101,ORMDL1,-0.224,1.319
51118,UTP11,-0.228,1.521
9443,MED7,-0.232,1.396
56052,ALG1,-0.232,1.345
51692,CPSF3,-0.238,1.517
9946,CRYZL1,-0.241,1.315
10109,ARPC2,-0.253,1.374
3298,HSF2,-0.257,1.35
445571,ZNG1C,-0.257,1.396
57136,APMAP,-0.257,1.513
57002,YAE1,-0.26,1.339
10552,ARPC1A,-0.26,1.427
10949,HNRNPA0,-0.262,1.594
11137,PWP1,-0.263,1.555
116143,DNAAF10,-0.265,1.322
5571,PRKAG1,-0.265,1.32
84342,COG8,-0.267,1.353
10480,EIF3M,-0.268,1.4
28977,MRPL42,-0.269,1.334
5162,PDHB,-0.273,1.803
441194,PMS2CL,-0.275,1.386
28976,ACAD9,-0.276,1.414
124411,KRBOX5,-0.276,1.455
5073,PARN,-0.278,1.517
26984,SEC22A,-0.279,1.396
124936,CYB5D2,-0.279,1.32
79770,TXNDC15,-0.282,1.509
220869,ZNG1E,-0.282,1.562
51126,NAA20,-0.284,1.717
131118,DNAJC19,-0.285,1.393
9175,MAP3K13,-0.287,2.036
10478,SLC25A17,-0.289,1.655
57231,SNX14,-0.29,1.58
23595,ORC3,-0.29,1.34
8872,CDC123,-0.29,1.862
387522,PEDS1-UBE2V1,-0.29,1.663
8487,GEMIN2,-0.291,1.412
830,CAPZA2,-0.292,1.346
1072,CFL1,-0.293,1.305
56943,ENY2,-0.295,1.572
51699,VPS29,-0.296,1.648
10213,PSMD14,-0.297,1.309
22820,COPG1,-0.299,1.359
644019,ZNG1F,-0.299,1.379
5917,RARS1,-0.302,1.543
80219,COQ10B,-0.303,1.429
84549,MAK16,-0.303,1.454
8766,RAB11A,-0.303,1.409
79568,MAIP1,-0.304,1.32
84896,ATAD1,-0.304,1.594
5902,RANBP1,-0.304,1.367
5440,POLR2K,-0.305,1.348
23673,STX12,-0.307,2.132
3838,KPNA2,-0.307,1.384
10131,TRAP1,-0.308,1.322
52,ACP1,-0.311,1.419
64983,MRPL32,-0.312,1.501
23256,SCFD1,-0.312,1.739
28985,MCTS1,-0.312,1.635
10657,KHDRBS1,-0.313,1.724
80349,SKIC8,-0.313,1.406
10621,POLR3F,-0.314,1.485
128387,TATDN3,-0.315,1.605
8533,COPS3,-0.318,1.501
286480,UBE2E4P,-0.319,1.565
10016,PDCD6,-0.321,2.13
81573,ANKRD13C,-0.325,1.4
115253422,DUS4L-BCAP29,-0.326,1.371
83877,TM2D2,-0.327,1.34
57149,LYRM1,-0.329,1.315
10671,DCTN6,-0.33,1.316
10477,UBE2E3,-0.331,1.791
134637,ADAT2,-0.332,1.335
5521,PPP2R2B,-0.334,1.421
64755,RUSF1,-0.336,1.307
5805,PTS,-0.337,1.41
5682,PSMA1,-0.338,1.706
7335,UBE2V1,-0.338,1.594
54928,BPNT2,-0.339,1.501
139341,FUNDC1,-0.339,1.396
60,ACTB,-0.34,1.526
51669,SARAF,-0.341,1.706
23590,PDSS1,-0.341,1.314
100532726,NDUFC2-KCTD14,-0.341,1.594
27247,NFU1,-0.342,1.503
84317,CCDC115,-0.343,1.766
4719,NDUFS1,-0.343,1.308
79145,CHCHD7,-0.343,1.659
80145,THOC7,-0.344,1.47
10289,EIF1B,-0.345,1.361
55269,PSPC1,-0.345,1.439
152579,SCFD2,-0.346,1.327
84246,MED10,-0.346,1.785
2517,FUCA1,-0.347,1.409
22845,DOLK,-0.349,1.32
348926,FAM86EP,-0.351,1.327
998,CDC42,-0.352,2.439
23788,MTCH2,-0.352,2.127
5250,SLC25A3,-0.354,1.874
79717,PPCS,-0.355,1.959
11062,DUS4L,-0.355,1.547
91408,BTF3L4,-0.356,1.418
84084,RAB6C,-0.356,1.503
403313,PLPP6,-0.356,1.352
400,ARL1,-0.356,1.706
8293,SERF1A,-0.358,1.471
64149,C17orf75,-0.358,1.307
805,CALM2,-0.359,1.491
28512,NKIRAS1,-0.359,1.363
744,MPPED2,-0.359,1.333
8674,VAMP4,-0.36,1.409
201895,SMIM14,-0.36,1.528
57037,ANKMY2,-0.361,1.44
55973,BCAP29,-0.361,1.453
56260,C8orf44,-0.362,1.766
1678,TIMM8A,-0.362,1.542
51253,MRPL37,-0.363,1.31
55041,PLEKHB2,-0.364,1.908
63932,STEEP1,-0.364,2.256
25874,MPC2,-0.365,1.491
150786,RAB6D,-0.365,1.577
10969,EBNA1BP2,-0.366,1.427
8634,RTCA,-0.366,1.699
10243,GPHN,-0.366,1.417
101928527,PIGBOS1,-0.366,1.644
132321,C4orf33,-0.367,1.327
81853,TMEM14B,-0.367,1.908
728492,SERF1B,-0.368,1.555
537,ATP6AP1,-0.368,1.363
515,ATP5PB,-0.369,1.861
506,ATP5F1B,-0.369,1.315
664,BNIP3,-0.371,1.49
23157,SEPTIN6,-0.374,1.331
7385,UQCRC2,-0.376,1.567
10352,WARS2,-0.377,1.742
100534612,C1QTNF3-AMACR,-0.377,1.689
894,CCND2,-0.377,1.471
51031,GLOD4,-0.38,1.846
6524,SLC5A2,-0.381,1.41
153527,ZMAT2,-0.383,1.394
22950,SLC4A1AP,-0.384,1.502
152992,TRMT44,-0.384,1.485
729156,GTF2IRD1P1,-0.384,1.432
26061,HACL1,-0.385,1.548
8623,ASMTL,-0.385,1.417
54458,PRR13,-0.386,1.594
5223,PGAM1,-0.387,1.594
10138,YAF2,-0.388,1.813
55056,GABPB1-IT1,-0.388,1.512
6500,SKP1,-0.389,2.116
56954,NIT2,-0.39,1.697
26258,BLOC1S6,-0.39,1.501
5690,PSMB2,-0.392,1.96
10989,IMMT,-0.393,1.932
285521,COX18,-0.394,2.352
79719,AAGAB,-0.394,1.307
5515,PPP2CA,-0.395,1.334
441531,PGAM4,-0.395,1.562
892,CCNC,-0.396,1.396
54014,BRWD1,-0.396,1.491
60561,RINT1,-0.397,1.355
5684,PSMA3,-0.397,2.432
7881,KCNAB1,-0.398,1.739
404672,GTF2H5,-0.398,1.908
25875,LETMD1,-0.398,1.663
51422,PRKAG2,-0.4,1.521
51649,MRPS23,-0.401,1.598
5641,LGMN,-0.402,1.486
498,ATP5F1A,-0.402,1.542
60487,TRMT11,-0.404,1.421
10302,SNAPC5,-0.404,1.49
6119,RPA3,-0.405,1.663
7846,TUBA1A,-0.405,1.635
81615,TMEM163,-0.406,1.325
51021,MRPS16,-0.406,2.428
8799,PEX11B,-0.407,1.32
2271,FH,-0.41,1.959
3422,IDI1,-0.411,1.55
220906,WAC-AS1,-0.412,1.663
100499177,THAP9-AS1,-0.413,1.333
10325,RRAGB,-0.414,1.391
51263,MRPL30,-0.415,2.034
124817,CNTD1,-0.415,1.706
10038,PARP2,-0.416,1.644
4692,NDN,-0.416,1.504
123016,TTC8,-0.418,1.528
84790,TUBA1C,-0.419,1.456
71,ACTG1,-0.419,1.812
1977,EIF4E,-0.424,1.813
135154,SDHAF4,-0.425,1.662
1738,DLD,-0.425,1.515
11034,DSTN,-0.425,1.372
64769,MEAF6,-0.431,1.813
5686,PSMA5,-0.432,2.127
27339,PRPF19,-0.432,1.315
29070,CCDC113,-0.432,1.539
25847,ANAPC13,-0.433,1.962
26268,FBXO9,-0.433,1.648
11261,CHP1,-0.433,1.726
100130771,EFCAB10,-0.438,1.829
50813,COPS7A,-0.44,1.715
83640,RAMAC,-0.441,1.964
9688,NUP93,-0.441,1.787
51377,UCHL5,-0.442,1.417
10069,RWDD2B,-0.445,1.32
25814,ATXN10,-0.448,1.68
279,AMY2A,-0.449,1.476
23204,ARL6IP1,-0.449,1.561
57489,ODF2L,-0.45,1.421
100129583,FAM47E,-0.45,1.58
902,CCNH,-0.451,1.877
220107,DLEU7,-0.451,1.307
9500,MAGED1,-0.451,1.421
4173,MCM4,-0.452,1.396
509,ATP5F1C,-0.452,1.991
261726,TIPRL,-0.453,1.412
1160,CKMT2,-0.453,1.484
100505681,NAPA-AS1,-0.453,1.614
27069,GHITM,-0.455,1.742
146923,RUNDC1,-0.455,1.4
119032,BORCS7,-0.456,1.748
9868,TOMM70,-0.459,1.417
767558,LUZP6,-0.46,1.352
136319,MTPN,-0.46,1.352
107984126,LOC107984126,-0.46,1.32
83941,TM2D1,-0.461,1.744
10056,FARSB,-0.461,1.417
282991,BLOC1S2,-0.461,1.971
100302640,LINC00882,-0.462,1.4
157285,PRAG1,-0.462,1.668
8774,NAPG,-0.462,1.327
51138,COPS4,-0.463,1.417
2774,GNAL,-0.465,1.311
27248,ERLEC1,-0.466,1.555
7102,TSPAN7,-0.466,1.337
348654,GEN1,-0.467,1.706
348801,LNP1,-0.468,1.327
7334,UBE2N,-0.468,1.853
2941,GSTA4,-0.469,1.718
51571,CYRIB,-0.47,1.555
586,BCAT1,-0.47,1.303
5203,PFDN4,-0.47,1.58
10440,TIMM17A,-0.471,1.53
253558,LCLAT1,-0.472,1.862
100268168,RPL26L1-AS1,-0.472,1.485
9577,BABAM2,-0.474,1.724
7905,REEP5,-0.474,1.356
54902,TTC19,-0.474,1.846
80213,TM2D3,-0.475,1.722
100996746,SPDYE11,-0.477,1.504
10463,SLC30A9,-0.479,1.724
9522,SCAMP1,-0.48,1.32
54495,TMX3,-0.481,1.392
54205,CYCS,-0.482,1.57
28972,SPCS1,-0.483,2.842
51239,ANKRD39,-0.484,1.353
23322,RPGRIP1L,-0.484,1.394
7416,VDAC1,-0.485,1.661
4718,NDUFC2,-0.485,1.555
641776,SPDYE14,-0.486,1.313
9114,ATP6V0D1,-0.486,1.374
54940,OCIAD1,-0.487,2.352
105378083,TAGAP-AS1,-0.487,1.599
653113,FAM86FP,-0.487,1.501
105180390,SPDYE13,-0.489,1.383
10857,PGRMC1,-0.489,1.595
4191,MDH2,-0.49,1.649
10190,TXNDC9,-0.493,1.742
25994,HIGD1A,-0.493,1.908
4711,NDUFB5,-0.493,1.971
728524,SPDYE8,-0.493,1.476
56267,KYAT3,-0.494,1.501
92675,DTD1,-0.494,1.908
56255,TMX4,-0.496,1.327
64839,FBXL17,-0.497,1.409
81929,SEH1L,-0.498,1.614
84251,SGIP1,-0.499,1.606
100506325,SP2-AS1,-0.503,1.523
64946,CENPH,-0.504,1.636
57213,SPRYD7,-0.504,2.127
84319,CMSS1,-0.505,1.754
105180391,SPDYE15,-0.505,1.327
53,ACP2,-0.505,1.427
2177,FANCD2,-0.506,1.635
23600,AMACR,-0.506,1.788
56271,BEX4,-0.506,1.744
51102,MECR,-0.507,1.723
9521,EEF1E1,-0.507,1.846
200728,TMEM17,-0.508,1.522
29789,OLA1,-0.508,1.539
114791,TUBGCP5,-0.51,1.468
100192204,PPIAP30,-0.511,1.898
28978,TMEM14A,-0.513,1.477
107987141,CAMSAP1-DT,-0.514,1.317
10438,C1D,-0.515,1.934
153743,PPP1R2B,-0.515,1.32
80006,TRAPPC13,-0.517,1.662
518,ATP5MC3,-0.518,1.813
54839,LRRC49,-0.518,1.523
120379,PIH1D2,-0.519,1.507
2937,GSS,-0.519,1.766
441272,SPDYE3,-0.52,1.51
105378862,LOC105378862,-0.521,1.419
55907,CMAS,-0.521,1.461
7443,VRK1,-0.523,1.813
55335,NIPSNAP3B,-0.524,1.557
729082,OIP5-AS1,-0.524,1.319
57464,STRIP2,-0.527,1.512
283807,FBXL22,-0.527,1.636
284161,GDPD1,-0.527,1.476
100507599,TFIP11-DT,-0.527,1.666
529,ATP6V1E1,-0.528,1.642
375567,VWC2,-0.529,1.395
64860,ARMCX5,-0.529,1.437
64754,SMYD3,-0.53,1.724
11146,GLMN,-0.532,1.319
27018,BEX3,-0.532,1.432
203523,ZNF449,-0.532,1.92
28969,BZW2,-0.534,1.439
29902,FAM216A,-0.535,1.512
23305,ACSL6,-0.537,1.39
100131454,DBIL5P,-0.537,1.567
6880,TAF9,-0.538,1.788
22920,KIFAP3,-0.539,1.408
84981,MIR22HG,-0.541,1.405
5862,RAB2A,-0.543,1.813
56261,GPCPD1,-0.543,1.355
100288181,LNCOC1,-0.544,1.383
30010,NXPH1,-0.545,1.406
64420,SUSD1,-0.546,1.412
130752,MDH1B,-0.548,1.416
54742,LY6K,-0.551,1.432
219749,ZNF25,-0.551,1.411
91057,CCDC34,-0.551,1.307
105372768,LOC105372768,-0.552,1.83
55322,C5orf22,-0.553,1.862
5066,PAM,-0.553,1.58
11130,ZWINT,-0.553,1.525
7529,YWHAB,-0.553,1.666
375611,SLC26A5,-0.555,1.649
54602,NDFIP2,-0.557,1.34
80762,NDFIP1,-0.563,1.655
729920,CRPPA,-0.565,1.65
51606,ATP6V1H,-0.565,1.307
81691,REXO5,-0.567,1.706
340543,TCEAL5,-0.569,1.395
10159,ATP6AP2,-0.57,1.61
442421,PTGER4P2-CDK2AP2P2,-0.573,1.594
2790,GNG10,-0.573,2.154
55860,ACTR10,-0.575,2.256
84303,CHCHD6,-0.576,1.419
84789,MGC2889,-0.577,1.315
9804,TOMM20,-0.578,1.715
55055,ZWILCH,-0.578,1.829
163126,EID2,-0.58,1.419
51626,DYNC2LI1,-0.581,2.428
8624,PSMG1,-0.584,2.068
526,ATP6V1B2,-0.587,1.317
552891,DNAJC25-GNG10,-0.587,2.17
729852,UMAD1,-0.59,1.471
53340,SPA17,-0.59,2.045
51026,GOLT1B,-0.593,1.69
100652748,TIMM23B,-0.595,1.565
56849,TCEAL7,-0.597,1.9
107985522,LOC107985522,-0.598,1.414
100130311,C17orf107,-0.598,1.321
122553,TRAPPC6B,-0.599,1.65
814,CAMK4,-0.601,1.31
9837,GINS1,-0.601,1.959
440145,MZT1,-0.603,1.504
122970,ACOT4,-0.605,1.687
105375259,LOC105375259,-0.606,1.55
1033,CDKN3,-0.606,1.644
10286,BCAS2,-0.608,2.276
4645,MYO5B,-0.609,1.391
142940,TRUB1,-0.61,1.311
375444,C5orf34,-0.611,1.333
646300,COL6A4P2,-0.613,1.397
92255,LMBRD2,-0.614,1.313
58527,ABRACL,-0.615,1.829
93164,HTR7P1,-0.615,1.428
5110,PCMT1,-0.616,1.635
23507,LRRC8B,-0.618,1.461
25977,NECAP1,-0.618,1.455
54810,GIPC2,-0.619,1.485
100507634,LOC100507634,-0.62,1.32
7280,TUBB2A,-0.621,1.68
345757,FAM174A,-0.622,2.194
645784,ANKRD36BP2,-0.627,1.344
7257,TSNAX,-0.631,1.982
10381,TUBB3,-0.634,1.37
5935,RBM3,-0.634,1.812
286205,SCAI,-0.636,1.479
113130,CDCA5,-0.641,1.443
7336,UBE2V2,-0.645,1.829
414778,HCG17,-0.646,1.564
23710,GABARAPL1,-0.646,1.659
152789,JAKMIP1,-0.65,1.444
7534,YWHAZ,-0.651,1.838
81706,PPP1R14C,-0.652,1.452
145837,DRAIC,-0.652,1.428
107984698,LOC107984698,-0.653,1.383
808,CALM3,-0.653,1.427
9737,GPRASP1,-0.653,1.362
5534,PPP3R1,-0.655,1.363
84707,BEX2,-0.656,1.437
134510,UBLCP1,-0.658,1.818
653308,ASAH2B,-0.658,1.345
64112,MOAP1,-0.659,1.355
729375,FAM86HP,-0.66,1.542
3157,HMGCS1,-0.661,1.455
5570,PKIB,-0.661,1.846
115908,CTHRC1,-0.661,1.58
283487,PRECSIT,-0.661,1.68
101929552,LOC101929552,-0.664,1.525
100134229,KDM7A-DT,-0.665,1.997
79801,SHCBP1,-0.671,1.687
55312,RFK,-0.672,1.419
2805,GOT1,-0.672,1.43
57718,PPP4R4,-0.672,1.363
84944,MAEL,-0.676,1.476
55847,CISD1,-0.677,1.755
126068,ZNF441,-0.681,1.633
378884,NHLRC1,-0.688,1.427
8382,NME5,-0.689,1.937
10231,RCAN2,-0.691,1.421
4085,MAD2L1,-0.692,1.663
6519,SLC3A1,-0.693,1.372
10923,SUB1,-0.693,2.428
7991,TUSC3,-0.693,1.52
4698,NDUFA5,-0.695,2.127
137902,PXDNL,-0.698,1.431
285220,EPHA6,-0.699,1.32
100288846,MIA2-AS1,-0.703,1.744
79750,ZNF385D,-0.704,1.724
6894,TARBP1,-0.706,1.766
10370,CITED2,-0.706,1.754
105375981,LOC105375981,-0.709,1.405
78991,PCYOX1L,-0.714,1.391
140733,MACROD2,-0.714,1.364
1325,CORT,-0.718,1.476
54332,GDAP1,-0.718,1.485
10447,FAM3C,-0.72,1.34
100129973,CERNA1,-0.72,1.742
729338,CETN4P,-0.721,1.529
5217,PFN2,-0.726,1.95
26802,SNORD47,-0.727,1.374
168667,BMPER,-0.727,1.333
5800,PTPRO,-0.728,1.318
390535,GOLGA8EP,-0.728,1.481
1012,CDH13,-0.729,1.406
201229,LYRM9,-0.731,1.666
127845,GOLT1A,-0.733,1.343
105373230,LOC105373230,-0.733,1.542
105374029,LOC105374029,-0.733,1.744
5530,PPP3CA,-0.733,1.307
534,ATP6V1G2,-0.733,1.672
7259,TSPYL1,-0.733,1.516
79827,CLMP,-0.733,1.364
653437,AQP12B,-0.734,1.405
51744,CD244,-0.735,1.492
114928,GPRASP2,-0.735,1.421
5504,PPP1R2,-0.736,2.432
114118903,ARHGAP11A-SCG5,-0.736,1.51
4591,TRIM37,-0.74,1.515
60592,SCOC,-0.742,1.812
143162,FRMPD2,-0.743,1.594
283177,B3GAT1-DT,-0.746,1.626
6447,SCG5,-0.749,1.501
55617,TASP1,-0.751,1.722
112268471,LOC112268471,-0.752,1.408
56675,NRIP3,-0.752,1.305
201780,SLC10A4,-0.756,1.363
2258,FGF13,-0.756,1.32
100505797,NETO1-DT,-0.759,1.829
9369,NRXN3,-0.763,1.34
283768,GOLGA8G,-0.763,1.468
6990,DYNLT3,-0.763,1.728
27020,NPTN,-0.765,1.47
7432,VIP,-0.772,1.594
105378756,FGGY-DT,-0.773,1.333
100126784,NAV2-AS6,-0.776,1.766
54847,SIDT1,-0.778,1.339
101929705,SCIRT,-0.786,1.4
9746,CLSTN3,-0.788,1.32
84517,ACTRT3,-0.791,2.116
112267901,LOC112267901,-0.791,1.454
284485,RIIAD1,-0.793,1.327
54331,GNG2,-0.793,1.429
5058,PAK1,-0.797,1.32
10733,PLK4,-0.798,1.561
145773,FAM81A,-0.8,1.568
79873,NUDT18,-0.803,1.648
100132249,LOC100132249,-0.803,1.812
27065,NSG1,-0.807,1.421
10740,RFPL1S,-0.808,1.325
4190,MDH1,-0.809,1.697
2596,GAP43,-0.809,1.502
64168,NECAB1,-0.82,1.408
23236,PLCB1,-0.821,1.375
83988,NCALD,-0.822,1.427
79589,RNF128,-0.822,1.659
284561,LINC02806,-0.828,1.39
100874296,KCNH1-IT1,-0.833,1.548
114818278,ZNF71-SMIM17,-0.84,1.521
6000,RGS7,-0.841,1.345
645158,CBX3P2,-0.841,1.345
54511,HMGCLL1,-0.846,1.68
284424,MIR7-3HG,-0.846,1.441
92235,STYXL2,-0.85,1.596
154790,CLEC2L,-0.85,1.324
81832,NETO1,-0.85,1.568
157574,FBXO16,-0.851,2.061
100127983,C8orf88,-0.851,1.345
84226,C2orf16,-0.854,2.352
126272,EID2B,-0.855,2.842
266722,HS6ST3,-0.857,1.437
30811,HUNK,-0.861,1.676
442117,GALNTL6,-0.865,1.687
9331,B4GALT6,-0.867,1.707
107985303,LOC107985303,-0.867,1.715
387856,CCDC184,-0.871,1.417
105374898,LOC105374898,-0.874,1.819
2257,FGF12,-0.877,1.555
213,ALB,-0.877,1.367
29887,SNX10,-0.877,1.38
408263,FNDC9,-0.878,1.468
101928555,LINC01537,-0.885,1.718
100499227,USP2-AS1,-0.891,1.594
1122,CHML,-0.894,1.706
441052,LOC441052,-0.909,1.524
105373805,STAT4-AS1,-0.91,1.307
100507420,LINC01605,-0.916,1.742
4353,MPO,-0.921,1.792
5746,PTH2R,-0.922,1.601
164781,DAW1,-0.922,1.334
379,ARL4D,-0.924,1.626
129804,FBLN7,-0.925,1.82
51299,NRN1,-0.925,2.17
1846,DUSP4,-0.925,1.638
1016,CDH18,-0.929,1.32
100506965,PWAR6,-0.932,1.333
147670,SMIM17,-0.933,1.547
1745,DLX1,-0.936,1.58
956,ENTPD3,-0.936,1.455
10486,CAP2,-0.939,1.41
2834,PRLHR,-0.942,1.421
2847,MCHR1,-0.943,1.313
27098,CLUL1,-0.947,1.766
100287387,LOC100287387,-0.952,1.461
5865,RAB3B,-0.958,1.32
11187,PKP3,-0.966,1.417
338758,ATP2B1-AS1,-0.973,2.352
728798,FRMPD2B,-0.974,2.132
56341,PRMT8,-0.974,1.544
80309,SPHKAP,-0.976,1.34
102724943,LOC102724943,-0.986,1.344
2557,GABRA4,-0.987,1.307
6616,SNAP25,-0.991,1.32
6775,STAT4,-0.993,1.502
105372522,LOC105372522,-0.993,1.374
25859,PART1,-1.004,1.448
22895,RPH3A,-1.005,2.079
3251,HPRT1,-1.008,1.717
105370939,LOC105370939,-1.009,1.348
107984317,LOC107984317,-1.012,1.748
1404,HAPLN1,-1.016,2.352
340542,BEX5,-1.018,1.812
56244,BTNL2,-1.02,2.276
100506274,LOC100506274,-1.024,1.742
100507206,LINC00943,-1.025,1.65
7857,SCG2,-1.027,1.92
10693,CCT6B,-1.032,1.81
128239,IQGAP3,-1.04,1.956
10417,SPON2,-1.043,2.136
1007,CDH9,-1.044,1.399
6092,ROBO2,-1.048,1.402
266812,NAP1L5,-1.048,1.934
6588,SLN,-1.049,1.663
100131390,SP9,-1.058,1.525
170261,ZCCHC12,-1.06,1.717
401442,LOC401442,-1.062,1.488
5999,RGS4,-1.069,1.502
104326188,LINC01202,-1.069,1.307
401097,C3orf80,-1.074,1.605
1428,CRYM,-1.079,1.374
654790,PCP4L1,-1.081,1.804
6869,TACR1,-1.091,1.65
1958,EGR1,-1.095,2.352
441376,AARD,-1.097,1.877
627,BDNF,-1.101,1.932
2554,GABRA1,-1.11,1.337
3479,IGF1,-1.11,2.842
105374966,LOC105374966,-1.112,1.78
105377922,LINC02836,-1.119,1.744
53942,CNTN5,-1.13,1.477
105376360,LOC105376360,-1.134,1.555
63974,NEUROD6,-1.136,1.434
5100,PCDH8,-1.14,1.35
9607,CARTPT,-1.154,1.408
165679,SPTSSB,-1.156,1.724
146,ADRA1D,-1.167,2.139
84570,COL25A1,-1.169,1.862
5475,PPEF1,-1.169,2.17
105372026,LOC105372026,-1.173,1.594
400591,TMEM132E-DT,-1.189,1.938
100128554,LINC02347,-1.192,1.766
107987008,LOC107987008,-1.201,1.874
140689,CBLN4,-1.213,1.41
8988,HSPB3,-1.217,1.902
728084,LINC02458,-1.217,1.882
345079,SOWAHB,-1.221,1.687
1114,CHGB,-1.232,1.626
3852,KRT5,-1.244,1.373
400120,SERTM1,-1.247,1.5
105377921,LOC105377921,-1.264,1.953
105376548,LOC105376548,-1.286,1.635
1960,EGR3,-1.287,1.724
5368,PNOC,-1.287,1.812
105374527,LOC105374527,-1.304,1.525
11249,NXPH2,-1.336,1.557
2571,GAD1,-1.356,2.842
105376043,LOC105376043,-1.36,2.276
7425,VGF,-1.372,1.766
221416,LINC03040,-1.383,2.102
107986924,LOC107986924,-1.414,1.951
105379452,LOC105379452,-1.418,2.352
4142,MAS1,-1.439,1.693
140679,SLC32A1,-1.475,2.256
6750,SST,-1.506,1.985
613212,CTXN3,-1.509,2.159
5122,PCSK1,-1.531,1.595
22987,SV2C,-1.538,1.58
2572,GAD2,-1.54,2.17
57369,GJD2,-1.542,2.276
116,ADCYAP1,-1.542,2.403
161931,ADAD2,-1.605,2.139
2322,FLT3,-1.654,2.352
6863,TAC1,-1.902,2.715
1392,CRH,-2.141,2.428
266743,NPAS4,-2.179,2.842
5179,PENK,-2.18,2.601